{"cameraMode":{"drawMode":0,"name":"Shaded","section":"Shading Mode"},"sceneLighting":true,"audioPlay":false,"sceneViewState":{"m_AlwaysRefresh":false,"showFog":true,"showSkybox":true,"showFlares":true,"showImageEffects":true,"showParticleSystems":true,"showVisualEffectGraphs":true,"m_FxEnabled":true},"in2DMode":false,"pivot":{"x":369.9428405761719,"y":154.20457458496095,"z":15.406494140625},"rotation":{"x":-0.0059994179755449299,"y":0.013499348424375058,"z":0.00008099708065856248,"w":0.999890923500061},"size":185.31231689453126,"orthographic":true}